First Name,Last Name,Vote
Braiden,Buchler,Pronounced Jiff Union
Heidi,Place,Pronounced Jiff Union
Janita,Browne,Pineapple Pizza Party
Oliver,Madry,Pronounced Jiff Union
Winona,Burell,Pineapple Pizza Party
Carlton,Littell,Pineapple Pizza Party
Doris,Folmar,Pronounced Jiff Union
Lilly,Edgin,Pronounced Jiff Union
Heidi,Place,"Pronounced Jiff Union, Pronounced Jiff Union, Pineapple Pizza Party"
Blythe,Sevilla,Pronounced Jiff Union
Marshall,Sanderson,Pronounced Jiff Union
Evelin,Sutherland,Pineapple Pizza Party
Alfred,Christensen,Pineapple Pizza Party
Jethro,Lohman,Pineapple Pizza Party
Jenny,Ramthun,Pronounced Jiff Union
Safah,Goodman,Pineapple Pizza Party
Jamie-Lee,Huang,Pronounced Jiff Union
Billy-Joe,Wadkins,Pronounced Jiff Union
Renda,Fryer,Pineapple Pizza Party
Albert,Bender,Pineapple Pizza Party
Eli,Bain,Pineapple Pizza Party
Larraine,Geter,Pronounced Jiff Union
Connor,Guzman,Socks and Crocs Reform League
Danae,Wolk,Pronounced Jiff Union
Tahmid,Rangel,Pineapple Pizza Party
Anya,Hull,Socks and Crocs Reform League
Alfred,Christensen,"Pronounced Jiff Union, Socks and Crocs Reform League"
Diana,Fowler,Socks and Crocs Reform League
Melissia,Brogdon,Pronounced Jiff Union
Braiden,Buchler,Pineapple Pizza Party
Randal,Kinney,Pineapple Pizza Party
Sam,Rangel,Pineapple Pizza Party
Kit,Hutchings,Pineapple Pizza Party
Isobelle,Farnham,Pineapple Pizza Party
Alberta,Morin,Socks and Crocs Reform League
Isaias,Bravo,Pronounced Jiff Union
Deago,Silcox,Pineapple Pizza Party
Hibba,Cianci,Pronounced Jiff Union
Traci,Orlandi,Socks and Crocs Reform League
Princess,Chung,Pineapple Pizza Party
Carolyn,Boudreau,Pronounced Jiff Union
Sam,Rangel,"Socks and Crocs Reform League, Pineapple Pizza Party"
Dhruv,Liu,Pronounced Jiff Union
Julienne,Eby,Pineapple Pizza Party
Adam,Dalby,Pronounced Jiff Union
Suzanna,Morin,Socks and Crocs Reform League
Eddy,Arrigo,Pronounced Jiff Union
Retha,Blackmore,Pineapple Pizza Party
Berat,Zavala,Socks and Crocs Reform League
Bradlee,Kulinski,Pronounced Jiff Union
Marshall,Sanderson,"Pronounced Jiff Union, Pineapple Pizza Party, Pineapple Pizza Party"
Tashina,Geter,Pronounced Jiff Union
Blossom,Soto,Socks and Crocs Reform League
Nora,Morgan,Pineapple Pizza Party
Jonas,Alford,Pineapple Pizza Party
Lilly,Begum,Pineapple Pizza Party
Dennise,Garrett,Pronounced Jiff Union
Brent,Barroso,Pronounced Jiff Union
Lucy,Imboden,Socks and Crocs Reform League
Neelam,Bender,Pronounced Jiff Union
Haleemah,Talbert,Socks and Crocs Reform League
Abubakar,Bain,Pineapple Pizza Party
Norah,Prince,Pineapple Pizza Party
Janita,Colley,Socks and Crocs Reform League
Mihai,Jandreau,Pineapple Pizza Party
Hortense,Hull,Pineapple Pizza Party
Isobelle,Farnham,"Pineapple Pizza Party, Socks and Crocs Reform League"
Enriqueta,Fowler,Pineapple Pizza Party
Jon-Paul,Liu,Pronounced Jiff Union
Garland,Arrant,Pronounced Jiff Union
Lilly,Spelman,Pronounced Jiff Union
Norah,Prince,"Socks and Crocs Reform League, Socks and Crocs Reform League"
Astrid,Schofield,Socks and Crocs Reform League
Sofia,Sevin,Socks and Crocs Reform League
Rhydian,Pitman,Pronounced Jiff Union
Carlee,Goggins,Pineapple Pizza Party
Aqsa,Cypert,Socks and Crocs Reform League
Leonie,Vizcarrondo,Pineapple Pizza Party
Zula,Place,Pineapple Pizza Party
Debora,Rodriguez,Pronounced Jiff Union
Alisa,Mullen,Pronounced Jiff Union
Hetty,Rule,Socks and Crocs Reform League
Essie,Cruzan,Socks and Crocs Reform League
Fay,Villela,Pineapple Pizza Party
Mackenzie,Jury,Pronounced Jiff Union
Brenna,Partida,Pineapple Pizza Party
Latrice,Brasel,Pronounced Jiff Union
Ezmae,Cruz,Pronounced Jiff Union
Aileen,Madry,Pronounced Jiff Union
Izetta,Rhodes,Pineapple Pizza Party
Hester,Charles,Socks and Crocs Reform League
Zelma,Barnett,Pineapple Pizza Party
Dotty,Clarke,Pronounced Jiff Union
Kaylem,Goodman,Pronounced Jiff Union
Yasmine,Tweedie,Pineapple Pizza Party
Eboni,Melara,Pineapple Pizza Party
Sarah,Ford,Pronounced Jiff Union
Brenna,Partida,"Pronounced Jiff Union, Pronounced Jiff Union"
Sandy,Estes,Pineapple Pizza Party
Deago,Silcox,"Pronounced Jiff Union, Pineapple Pizza Party, Pronounced Jiff Union"
Toshiko,Walters,Pineapple Pizza Party
Traci,Bell,Pineapple Pizza Party
Dannielle,Stacey,Pronounced Jiff Union
Ava,Windom,Socks and Crocs Reform League
Darla,Benson,Pineapple Pizza Party
Becki,Policastro,Pronounced Jiff Union
Randal,Boudreau,Pineapple Pizza Party
Jacinto,Sullivan,Pineapple Pizza Party
Oliver,Madry,"Socks and Crocs Reform League, Pineapple Pizza Party, Pineapple Pizza Party"
Emilija,Culligan,Pineapple Pizza Party
Patti,Wolk,Socks and Crocs Reform League
Victoria,Bate,Pineapple Pizza Party
Faisal,Lester,Pineapple Pizza Party
Lasandra,Orlandi,Socks and Crocs Reform League
Lilly,Frame,Pronounced Jiff Union
Leonie,Moye,Pronounced Jiff Union
Dalila,Oberlander,Socks and Crocs Reform League
Caitlyn,Carino,Pineapple Pizza Party
Emilio,Ormond,Socks and Crocs Reform League
Kain,Bravo,Pineapple Pizza Party
Heidi,Place,"Pineapple Pizza Party, Socks and Crocs Reform League, Socks and Crocs Reform League"
Adil,Puckett,Pineapple Pizza Party
Deago,Silcox,"Socks and Crocs Reform League, Pineapple Pizza Party"
Gabriele,Hodapp,Socks and Crocs Reform League
Marinda,Harvey,Pineapple Pizza Party
Ailish,Irvine,Pronounced Jiff Union
Martyn,Dougherty,Pronounced Jiff Union
Manav,Hackett,Pineapple Pizza Party
Ezmae,Cullen,Pronounced Jiff Union
Ailish,Sanderson,Socks and Crocs Reform League
Hadiya,Fryer,Pronounced Jiff Union
Buster,Hopper,Pronounced Jiff Union
Marvin,Fowles,Socks and Crocs Reform League
Danica,Huber,Pronounced Jiff Union
Keyaan,Bray,Socks and Crocs Reform League
Dakota,Clark,Pronounced Jiff Union
Roza,Mcquarrie,Pineapple Pizza Party
Gabriele,Wilkes,Socks and Crocs Reform League
Tashina,Tran,Pineapple Pizza Party
Valencia,Dickson,Pronounced Jiff Union
Astrid,Blakey,Pronounced Jiff Union
Sofia,Sevin,Pineapple Pizza Party
Abul,Walter,Socks and Crocs Reform League
Marguerite,Silcox,Socks and Crocs Reform League
Kiefer,Erickson,Socks and Crocs Reform League
Rolando,Fulop,Pronounced Jiff Union
Seren,Foy,Socks and Crocs Reform League
Zita,Mccann,Pronounced Jiff Union
Shanice,Szczepanski,Pineapple Pizza Party
Jill,Humphreys,Socks and Crocs Reform League
Yusef,Downard,Socks and Crocs Reform League
Nobuko,Gillespie,Pineapple Pizza Party
Jamie-Lee,Sher,Socks and Crocs Reform League
Yusef,Beasley,Pineapple Pizza Party
Jorgie,Pace,Pronounced Jiff Union
Anya,Hull,"Pronounced Jiff Union, Pineapple Pizza Party, Socks and Crocs Reform League"
Evelyne,Barnett,Socks and Crocs Reform League
Cairo,Legge,Pineapple Pizza Party
Enid,Spencer,Socks and Crocs Reform League
Kairon,Hund,Pineapple Pizza Party
Aqsa,Alvarez,Pronounced Jiff Union
Isaias,Barrera,Socks and Crocs Reform League
Saqlain,Winburn,Socks and Crocs Reform League
Aqsa,Madden,Socks and Crocs Reform League
Tula,Hund,Pineapple Pizza Party
Romeo,Brock,Pronounced Jiff Union
Lida,Kulinski,Pineapple Pizza Party
Rey,Clarke,Pineapple Pizza Party
Saqlain,Shiner,Socks and Crocs Reform League
John,Kuck,Socks and Crocs Reform League
Na,Connolly,Pronounced Jiff Union
Ava-Mai,Lindsay,Pineapple Pizza Party
Ho,Steinert,Pronounced Jiff Union
Hibba,Ishibashi,Socks and Crocs Reform League
Kaitlyn,Cox,Socks and Crocs Reform League
Thiago,Dunne,Pronounced Jiff Union
Conall,Cloud,Pronounced Jiff Union
Trina,Vinson,Pineapple Pizza Party
Rolando,Fulop,"Socks and Crocs Reform League, Pronounced Jiff Union, Socks and Crocs Reform League"
Evelyn,Blom,Pineapple Pizza Party
Marshall,Sanderson,"Socks and Crocs Reform League, Pronounced Jiff Union"
Monroe,Steinert,Pineapple Pizza Party
Tahmid,Rangel,"Socks and Crocs Reform League, Pronounced Jiff Union"
Sofia,York,Socks and Crocs Reform League
Lorri,Ramthun,Pronounced Jiff Union
Tamra,Mueller,Pronounced Jiff Union
Kaitlan,Best,Socks and Crocs Reform League
Cai,Goodman,Pineapple Pizza Party
Brad,Rogers,Pronounced Jiff Union
Hetty,Rule,"Socks and Crocs Reform League, Pineapple Pizza Party"
Enriqueta,Fowler,"Pineapple Pizza Party, Socks and Crocs Reform League, Pronounced Jiff Union"
Marta,Downard,Pineapple Pizza Party
Fay,Abdallah,Socks and Crocs Reform League
Tamra,Alexander,Pineapple Pizza Party
Sharon,Webb,Pineapple Pizza Party
Melissia,Weatherall,Socks and Crocs Reform League
Enid,Salvador,Pronounced Jiff Union
Ella,Manson,Socks and Crocs Reform League
Margrett,Sobolik,Pronounced Jiff Union
Junior,Sher,Pronounced Jiff Union
Fannie,Puckett,Pronounced Jiff Union
Troy,Mizzell,Socks and Crocs Reform League
Mackenzie,Tsan,Pineapple Pizza Party
Haleemah,Merrill,Socks and Crocs Reform League
Amie,Madry,Socks and Crocs Reform League
Ethel,Winburn,Socks and Crocs Reform League
Dominic,Facey,Pronounced Jiff Union
Shanon,Gutierrez,Pineapple Pizza Party
Sarah,Hamaker,Pronounced Jiff Union
Lien,Serra,Pineapple Pizza Party
Izzie,Hackett,Pronounced Jiff Union
My,Mcquarrie,Pineapple Pizza Party
Suranne,Weston,Pronounced Jiff Union
Faisal,Gardner,Pineapple Pizza Party
Adil,Whitfield,Socks and Crocs Reform League
Jefferson,Buck,Pronounced Jiff Union
Zona,Sexton,Socks and Crocs Reform League
Dung,Allison,Socks and Crocs Reform League
Madina,Lester,Pineapple Pizza Party
Thiago,Dunne,"Socks and Crocs Reform League, Pronounced Jiff Union"
Emilis,Wynn,Pronounced Jiff Union
Owen,Pham,Pineapple Pizza Party
Kerys,Lindsay,Pronounced Jiff Union
Emilio,Ormond,"Pronounced Jiff Union, Pineapple Pizza Party, Pronounced Jiff Union"
Evangelina,Good,Pronounced Jiff Union
Ava-May,Holen,Socks and Crocs Reform League
Jodi,Shiner,Pronounced Jiff Union
Coreen,French,Socks and Crocs Reform League
Tammi,Boros,Pronounced Jiff Union
Blessing,Rodriguez,Pronounced Jiff Union
Pedro,Donaldson,Socks and Crocs Reform League
Patria,Devin,Pineapple Pizza Party
Kenyatta,Narciso,Socks and Crocs Reform League
Kelvin,Ginther,Pineapple Pizza Party
Sarita,Lindner,Socks and Crocs Reform League
Nur,Delosreyes,Pronounced Jiff Union
Kain,Bravo,"Pineapple Pizza Party, Pineapple Pizza Party, Socks and Crocs Reform League"
Justa,Uren,Socks and Crocs Reform League
Roosevelt,Mueller,Pronounced Jiff Union
Tamra,Alexander,"Pineapple Pizza Party, Pineapple Pizza Party, Pineapple Pizza Party"
Hortencia,Schaefer,Pronounced Jiff Union
Tahmid,Rangel,"Socks and Crocs Reform League, Pineapple Pizza Party"
Blade,Bate,Socks and Crocs Reform League
Youssef,Garcia,Pineapple Pizza Party
Marinda,Harvey,Pineapple Pizza Party
Brendan,Redman,Pineapple Pizza Party
Alisa,Hopper,Pineapple Pizza Party
Anh,Gregory,Socks and Crocs Reform League
Connor,Guzman,"Pineapple Pizza Party, Pronounced Jiff Union, Socks and Crocs Reform League"
Keyaan,Charles,Pineapple Pizza Party
Junko,Nilges,Pronounced Jiff Union
Domonic,Miller,Socks and Crocs Reform League
Dung,Gamez,Pronounced Jiff Union
Corie,Buxton,Pronounced Jiff Union
Manon,North,Pineapple Pizza Party
Lulu,Roney,Socks and Crocs Reform League
Sherell,Robson,Socks and Crocs Reform League
Evangelina,Yoder,Pineapple Pizza Party
Ethel,Rowley,Pineapple Pizza Party
Danica,Ishibashi,Pronounced Jiff Union
Sierra,Moreira,Pineapple Pizza Party
Hayden,Roche,Pineapple Pizza Party
Deeann,Calhoun,Pineapple Pizza Party
Annaliese,Hahn,Pronounced Jiff Union
Hywel,Beasley,Socks and Crocs Reform League
Joeann,Bain,Pineapple Pizza Party
Alexandria,Glassman,Pronounced Jiff Union
Humera,Brin,Socks and Crocs Reform League
May,Hope,Socks and Crocs Reform League
Marguerite,Traub,Socks and Crocs Reform League
Hortencia,Socha,Pronounced Jiff Union
Merryn,Mclennan,Pineapple Pizza Party
Blessing,Ishibashi,Pronounced Jiff Union
Leopold,Beltran,Socks and Crocs Reform League
Freddy,Stjean,Pronounced Jiff Union
Gabriele,Hayward,Pineapple Pizza Party
Conall,Wilks,Pronounced Jiff Union
Maximus,Renda,Pineapple Pizza Party
Joni,Ali,Pronounced Jiff Union
Sammy-Jo,Farrington,Pronounced Jiff Union
Kelvin,Parrish,Pineapple Pizza Party
Debora,Zamora,Socks and Crocs Reform League
Marguerite,Thorton,Socks and Crocs Reform League
Nora,Socha,Pronounced Jiff Union
Youssef,Garcia,"Socks and Crocs Reform League, Pineapple Pizza Party"
Lasandra,Middleton,Socks and Crocs Reform League
Marinda,Harvey,"Socks and Crocs Reform League, Pineapple Pizza Party, Pronounced Jiff Union"
Enid,Mullet,Socks and Crocs Reform League
Carl,Winn,Socks and Crocs Reform League
Fardeen,Calhoun,Pineapple Pizza Party
Gudrun,Salvas,Socks and Crocs Reform League
Evelyn,Bray,Socks and Crocs Reform League
Ava-Mai,Lindsay,Pineapple Pizza Party
Velma,Connolly,Socks and Crocs Reform League
Chan,Hollis,Pronounced Jiff Union
Manav,Seabolt,Pronounced Jiff Union
Keeley,Cline,Socks and Crocs Reform League
Mahi,Fernandez,Socks and Crocs Reform League
Patria,Fulop,Pineapple Pizza Party
Cristiano,Warner,Pineapple Pizza Party
Brent,Barroso,Pineapple Pizza Party
Rikki,Calhoun,Pineapple Pizza Party
Shah,Charles,Pineapple Pizza Party
Blythe,Hunt,Pineapple Pizza Party
Adil,Whitfield,"Socks and Crocs Reform League, Pronounced Jiff Union, Socks and Crocs Reform League"
Aidan,Kua,Pineapple Pizza Party
Jasmine,Kendig,Pronounced Jiff Union
Lucy,Wolfe,Pronounced Jiff Union
Karol,Wallace,Socks and Crocs Reform League
Carlo,Sierra,Pineapple Pizza Party
Ethel,Rowley,"Socks and Crocs Reform League, Pronounced Jiff Union"
Scarlett-Rose,Bravo,Pronounced Jiff Union
Sharon,Bradley,Socks and Crocs Reform League
Emilis,Wynn,"Pineapple Pizza Party, Pineapple Pizza Party"
Sean,Cottrell,Pronounced Jiff Union
Denver,Schneider,Socks and Crocs Reform League
Eddy,Hackett,Pronounced Jiff Union
Anna,Warwick,Pronounced Jiff Union
Sanaa,Dunne,Pineapple Pizza Party
Kai,House,Socks and Crocs Reform League
Aqsa,Mccormack,Socks and Crocs Reform League
Cleo,Swearingen,Socks and Crocs Reform League
Michalina,Cline,Pineapple Pizza Party
Jazmin,Beran,Socks and Crocs Reform League
Amie,Phillips,Pronounced Jiff Union
Sam,Rangel,Pineapple Pizza Party
Derrick,Anthony,Socks and Crocs Reform League
Jorgie,Pace,Socks and Crocs Reform League
Edmund,Kuck,Pineapple Pizza Party
Tula,Currie,Pronounced Jiff Union
Michele,Styons,Socks and Crocs Reform League
Sung,Folmar,Pineapple Pizza Party
Arden,Barnett,Pineapple Pizza Party
Annmarie,Winn,Pineapple Pizza Party
Mara,Serra,Socks and Crocs Reform League
Michele,Sevin,Pronounced Jiff Union
Latrice,Brasel,"Pronounced Jiff Union, Socks and Crocs Reform League"
Angelena,Knox,Socks and Crocs Reform League
Mattie,Frame,Socks and Crocs Reform League
Jameson,Sobolik,Pineapple Pizza Party
Sharon,Webb,Pineapple Pizza Party
Sharon,Boone,Pronounced Jiff Union
Shana,Santerre,Socks and Crocs Reform League
Marylynn,Bate,Pineapple Pizza Party
Kaitlan,Stgelais,Pronounced Jiff Union
Cecila,Ayers,Pineapple Pizza Party
Carmelita,Allison,Pronounced Jiff Union
Leopold,Beltran,"Socks and Crocs Reform League, Socks and Crocs Reform League"
Romeo,Robinson,Socks and Crocs Reform League
Faisal,Lester,"Pronounced Jiff Union, Pronounced Jiff Union, Socks and Crocs Reform League"
Connor,Savage,Pineapple Pizza Party
Heidi,Parkinson,Socks and Crocs Reform League
Emma,Rodriquez,Socks and Crocs Reform League
Otto,Applebee,Pronounced Jiff Union
Palmira,Webb,Pronounced Jiff Union
Domonic,Miller,"Pineapple Pizza Party, Socks and Crocs Reform League, Pineapple Pizza Party"
Riley-James,Cueto,Socks and Crocs Reform League
Leopold,Matzen,Socks and Crocs Reform League
Colm,Puckett,Socks and Crocs Reform League
Alexandria,Dowling,Pineapple Pizza Party
Payton,Pace,Socks and Crocs Reform League
Miyah,Calhoun,Pineapple Pizza Party
Beverly,Aguayo,Pronounced Jiff Union
Helen,Booker,Pronounced Jiff Union
Safah,Reed,Pronounced Jiff Union
Darla,Sadler,Pineapple Pizza Party
Cayson,Madden,Pineapple Pizza Party
Blossom,Moyer,Pronounced Jiff Union
Hashir,Gulotta,Pineapple Pizza Party
Lily,Rodriquez,Pineapple Pizza Party
Jamie-Lee,Huang,"Pineapple Pizza Party, Pronounced Jiff Union"
Hester,Propes,Socks and Crocs Reform League
Lilly,Brin,Socks and Crocs Reform League
Cayson,Hopper,Pronounced Jiff Union
Jesusita,Guzman,Socks and Crocs Reform League
Fay,Lowery,Pineapple Pizza Party
Neville,Hibbler,Pronounced Jiff Union
Berat,Fizer,Pineapple Pizza Party
Fannie,Boudreau,Socks and Crocs Reform League
Jesus,Styons,Pineapple Pizza Party
Gabriele,Emerson,Socks and Crocs Reform League
Emile,Maddox,Pronounced Jiff Union
Celyn,Proctor,Pineapple Pizza Party
Renda,Fryer,Socks and Crocs Reform League
Rodney,Corrie,Pineapple Pizza Party
Chester,Nuss,Socks and Crocs Reform League
Brad,Kula,Socks and Crocs Reform League
Isobelle,Salvador,Socks and Crocs Reform League
Mila,Place,Pineapple Pizza Party
Kyung,Buck,Pineapple Pizza Party
Ashlee,Shiner,Socks and Crocs Reform League
Gurdeep,Glassman,Pineapple Pizza Party
Isaias,Parkinson,Pronounced Jiff Union
Walton,Say,Pronounced Jiff Union
Jonas,Kleist,Pronounced Jiff Union
Merryn,Smart,Pineapple Pizza Party
Coral,Mccormick,Pronounced Jiff Union
Cade,Hussain,Socks and Crocs Reform League
Marisol,Rayford,Pineapple Pizza Party
Shakeel,Salvador,Pineapple Pizza Party
Stuart,Cottrell,Socks and Crocs Reform League
Alline,Pitman,Pronounced Jiff Union
Garth,Nichols,Pronounced Jiff Union
Aled,Weigel,Pineapple Pizza Party
Bryant,Barton,Pronounced Jiff Union
Sallie,Lachance,Pronounced Jiff Union
Lulu,Buckner,Socks and Crocs Reform League
Janita,Winn,Socks and Crocs Reform League
Oliva,Cullen,Pineapple Pizza Party
Domenica,Blackmore,Pronounced Jiff Union
Georgine,Salvas,Socks and Crocs Reform League
Princess,Losada,Socks and Crocs Reform League
Lilly,Begum,Socks and Crocs Reform League
Carla,Lowery,Pineapple Pizza Party
Glenn,Navarro,Socks and Crocs Reform League
Eleasha,Seabolt,Pineapple Pizza Party
Garland,Mckenzie,Pronounced Jiff Union
Elvie,Styons,Pronounced Jiff Union
Eli,Bain,"Socks and Crocs Reform League, Pronounced Jiff Union"
Evangelina,Rivera,Pineapple Pizza Party
Vinita,Salt,Pineapple Pizza Party
Clinton,Wolk,Pronounced Jiff Union
Krystian,Styons,Pronounced Jiff Union
Atlas,Edgin,Socks and Crocs Reform League
Denver,Navarro,Pineapple Pizza Party
Alfred,Connor,Pronounced Jiff Union
Jayde,Galloway,Socks and Crocs Reform League
Slyvia,Hodge,Pronounced Jiff Union
Conall,Hotard,Socks and Crocs Reform League
Maile,Rangel,Pineapple Pizza Party
Oliva,Farnham,Socks and Crocs Reform League
Donya,Herwig,Pronounced Jiff Union
Andrea,Mike,Pronounced Jiff Union
Evelynn,Blundell,Pronounced Jiff Union
Mariya,Boone,Pineapple Pizza Party
Kairon,Collis,Socks and Crocs Reform League
Merlin,Ali,Pronounced Jiff Union
Rolando,Shott,Pineapple Pizza Party
Tanja,Hollis,Pronounced Jiff Union
Shivani,Flores,Socks and Crocs Reform League
Kyla,Bochenek,Pineapple Pizza Party
Musa,Frasure,Socks and Crocs Reform League
Khloe,Kay,Socks and Crocs Reform League
Ria,Morales,Socks and Crocs Reform League
Coral,Munoz,Socks and Crocs Reform League
Aqsa,Madden,Socks and Crocs Reform League
Dewayne,Farnham,Pineapple Pizza Party
Evangelina,Rivera,"Socks and Crocs Reform League, Socks and Crocs Reform League"
Sarita,Nilges,Pineapple Pizza Party
Zona,Sexton,Pineapple Pizza Party
Melanie,Stearman,Socks and Crocs Reform League
Marwah,Wrigley,Pineapple Pizza Party
Nell,Schommer,Socks and Crocs Reform League
Melissia,Brogdon,"Socks and Crocs Reform League, Pineapple Pizza Party"
Elin,Bray,Socks and Crocs Reform League
Kit,Hutchings,"Socks and Crocs Reform League, Socks and Crocs Reform League, Pineapple Pizza Party"
Hollie,Navarro,Pineapple Pizza Party
Jonah,Shiner,Pineapple Pizza Party
Jimi,Hollis,Pronounced Jiff Union
Burton,Bauch,Pineapple Pizza Party
Carmelita,Beard,Pineapple Pizza Party
Rodrigo,Kay,Pronounced Jiff Union
Tom,Schofield,Pronounced Jiff Union
Tehya,Mongold,Pineapple Pizza Party
Odis,Kail,Pineapple Pizza Party
Mercedez,Biederman,Socks and Crocs Reform League
Shanon,Padilla,Socks and Crocs Reform League
Marianne,Daugherty,Socks and Crocs Reform League
Lura,Cadwell,Pronounced Jiff Union
Gwen,Kampf,Pineapple Pizza Party
Emma,Losada,Pineapple Pizza Party
Elton,Mcconnaughy,Pineapple Pizza Party
Jasmine,Mcmahon,Socks and Crocs Reform League
Clinton,Schofield,Pronounced Jiff Union
Ailish,Irvine,"Pronounced Jiff Union, Pronounced Jiff Union, Socks and Crocs Reform League"
Austen,Fells,Pineapple Pizza Party
Marya,Alford,Pineapple Pizza Party
Evelynn,Nava,Socks and Crocs Reform League
Emily-Rose,Steinert,Pineapple Pizza Party
Sarah,Hamaker,Socks and Crocs Reform League
Menaal,Haas,Pineapple Pizza Party
Aman,Kays,Pineapple Pizza Party
Jesusita,Cope,Pineapple Pizza Party
Cairo,Legge,"Pineapple Pizza Party, Socks and Crocs Reform League"
Brock,Owens,Pronounced Jiff Union
Tehya,Mongold,"Socks and Crocs Reform League, Socks and Crocs Reform League"
Ho,Policastro,Pronounced Jiff Union
Ivie,Barrera,Pronounced Jiff Union
Elinore,Frame,Pronounced Jiff Union
Kathe,Villanueva,Pronounced Jiff Union
Taylan,Socha,Socks and Crocs Reform League
Sherell,Sexton,Pronounced Jiff Union
Margeret,Norman,Pronounced Jiff Union
Tamela,York,Socks and Crocs Reform League
Billy-Joe,Buckner,Pineapple Pizza Party
Monty,Hollis,Socks and Crocs Reform League
Jesus,Weigel,Pineapple Pizza Party
Andreas,Phelan,Socks and Crocs Reform League
Toby,Kimmer,Socks and Crocs Reform League
Jeannetta,Nisbett,Socks and Crocs Reform League
Willard,Vu,Pronounced Jiff Union
Euan,Windom,Pineapple Pizza Party
Sienna,Benson,Pronounced Jiff Union
Blossom,Kimmer,Pineapple Pizza Party
Leontine,Hibbler,Pineapple Pizza Party
Soraya,Carillo,Pronounced Jiff Union
Jamika,Hund,Pineapple Pizza Party
Leontine,Morin,Pronounced Jiff Union
Fredrick,Rowley,Pineapple Pizza Party
Alberta,Miranda,Pineapple Pizza Party
Ava,Howton,Pronounced Jiff Union
Reese,Maxwell,Socks and Crocs Reform League
Zina,Carillo,Pineapple Pizza Party
Hadiya,Legge,Pineapple Pizza Party
Roza,Landry,Pronounced Jiff Union
Haleemah,Villela,Socks and Crocs Reform League
Jameson,Sobolik,Pineapple Pizza Party
Riley-James,Bobo,Pineapple Pizza Party
Keeley,Patterson,Socks and Crocs Reform League
Diana,Garcia,Pronounced Jiff Union
Nicolas,Herbert,Pronounced Jiff Union
Otto,Stolp,Socks and Crocs Reform League
Owen,Pham,"Pronounced Jiff Union, Socks and Crocs Reform League"
Melissia,Erickson,Socks and Crocs Reform League
Carmelita,Nelson,Socks and Crocs Reform League
Sofia,Reader,Pronounced Jiff Union
Yasmine,Young,Socks and Crocs Reform League
Oliver,Brooks,Socks and Crocs Reform League
Brent,Wyatt,Pineapple Pizza Party
Ashlee,Spencer,Pineapple Pizza Party
Alfred,Kemp,Socks and Crocs Reform League
Alisa,Gilmour,Pronounced Jiff Union
Shanti,Torres,Pronounced Jiff Union
Tahmid,Stallings,Pronounced Jiff Union
Donya,Sevilla,Pineapple Pizza Party
Xavier,English,Pronounced Jiff Union
Junko,Harmon,Pineapple Pizza Party
Karol,Finney,Socks and Crocs Reform League
Jill,Hegland,Pronounced Jiff Union
Sanjuanita,Hendrix,Pineapple Pizza Party
Rochelle,Lucas,Pronounced Jiff Union
Hibba,Barnes,Pineapple Pizza Party
Olaf,Murphy,Socks and Crocs Reform League
Augustina,Rogers,Socks and Crocs Reform League
Marvin,Erickson,Pronounced Jiff Union
My,Dodson,Pronounced Jiff Union
Eliza,Currie,Socks and Crocs Reform League
Enid,Cullen,Socks and Crocs Reform League
Eryn,Rogers,Pronounced Jiff Union
Arnas,Acevedo,Pronounced Jiff Union
Arnas,Kern,Socks and Crocs Reform League
Hetty,Emerson,Pineapple Pizza Party
Barbra,Santana,Pronounced Jiff Union
Samson,Smart,Pineapple Pizza Party
Berat,Middleton,Pronounced Jiff Union
Evelyne,Gulotta,Socks and Crocs Reform League
Diogo,Olson,Pronounced Jiff Union
Betsy,Ramsay,Pineapple Pizza Party
Connie,Brock,Pineapple Pizza Party
Evelyne,Warren,Pronounced Jiff Union
Ruby,Hahn,Socks and Crocs Reform League
Dhruv,Phelan,Pronounced Jiff Union
Terrilyn,Rogers,Pineapple Pizza Party
Kathlyn,Reader,Pineapple Pizza Party
Niall,Konopka,Socks and Crocs Reform League
Rey,Bucholtz,Pronounced Jiff Union
Elouise,Gillespie,Socks and Crocs Reform League
Palmira,Copeland,Pineapple Pizza Party
Ella,Manson,"Pronounced Jiff Union, Socks and Crocs Reform League, Socks and Crocs Reform League"
Bryan,Ladue,Socks and Crocs Reform League
Ashlee,Funderburk,Pineapple Pizza Party
Monty,Cottrell,Pronounced Jiff Union
June,Stubbs,Pronounced Jiff Union
Warren,Roney,Socks and Crocs Reform League
Carrie,Calhoun,Socks and Crocs Reform League
Ava,Wardle,Socks and Crocs Reform League
Catniss,Cohen,Pronounced Jiff Union
Kit,Hutchings,"Socks and Crocs Reform League, Socks and Crocs Reform League, Pronounced Jiff Union"
Maya,Walters,Pronounced Jiff Union
Olaf,Alvarado,Pronounced Jiff Union
Keven,Mike,Pineapple Pizza Party
Hetty,Hampton,Pineapple Pizza Party
Wanda,Morin,Pronounced Jiff Union
Roza,Landry,"Socks and Crocs Reform League, Pronounced Jiff Union"
Fredrick,Blaese,Pineapple Pizza Party
Vinita,Riley,Socks and Crocs Reform League
Austin,Foreman,Pronounced Jiff Union
Emil,Irvine,Socks and Crocs Reform League
Deago,Silcox,Socks and Crocs Reform League
Junko,Donaldson,Socks and Crocs Reform League
Payton,Stearman,Pronounced Jiff Union
Cassidy,Mckenzie,Pineapple Pizza Party
Sherry,Massingale,Socks and Crocs Reform League
Mariya,Mcnally,Pineapple Pizza Party
Harry,Barnett,Pineapple Pizza Party
Rodger,Kay,Socks and Crocs Reform League
Clement,Redman,Pineapple Pizza Party
Cristiano,Whitfield,Pineapple Pizza Party
Sharon,Andersen,Socks and Crocs Reform League
Angelena,Solley,Pineapple Pizza Party
Gabriele,Santerre,Socks and Crocs Reform League
Rana,Rangel,Pineapple Pizza Party
Izetta,Bridges,Socks and Crocs Reform League
Joy,Losada,Pineapple Pizza Party
Mariya,Roche,Pineapple Pizza Party
Jasmine,Hurley,Pronounced Jiff Union
Burton,Deblois,Pronounced Jiff Union
Braydon,Cline,Pineapple Pizza Party
Fredrick,Nowlin,Pineapple Pizza Party
Shanaya,Stolp,Socks and Crocs Reform League
Clement,Santucci,Pronounced Jiff Union
Izzie,Cohen,Socks and Crocs Reform League
Hugo,Rostad,Pronounced Jiff Union
Palmira,Ayers,Pineapple Pizza Party
Elliot,Harper,Pineapple Pizza Party
Xavier,English,"Pronounced Jiff Union, Pronounced Jiff Union"
Sherry,Bomgardner,Pineapple Pizza Party
Melissia,Erickson,Pineapple Pizza Party
Luther,Bauch,Socks and Crocs Reform League
Olene,Gillespie,Socks and Crocs Reform League
Leonie,Vizcarrondo,Socks and Crocs Reform League
Hester,Estrada,Pronounced Jiff Union
Jeannine,Matzen,Pineapple Pizza Party
Carter,Emery,Socks and Crocs Reform League
Rochelle,Sobolik,Pineapple Pizza Party
Braiden,Lin,Pronounced Jiff Union
Jethro,Gantt,Pineapple Pizza Party
Cristiano,Blom,Pronounced Jiff Union
Connor,O'Neill,Pronounced Jiff Union
Krystina,Schaefer,Pineapple Pizza Party
Boyd,York,Pineapple Pizza Party
Odin,Beltran,Pineapple Pizza Party
Tarah,Rish,Pineapple Pizza Party
Lola-Mae,Nelson,Socks and Crocs Reform League
Austin,Pena,Pineapple Pizza Party
Rosemarie,Small,Socks and Crocs Reform League
Roxie,Blankenship,Socks and Crocs Reform League
Sofia,Nolette,Pineapple Pizza Party
Kodi,Alvarez,Socks and Crocs Reform League
Lou,Cole,Socks and Crocs Reform League
Winona,Ahmed,Pronounced Jiff Union
Tammi,Liu,Socks and Crocs Reform League
Iwan,Burnett,Pineapple Pizza Party
Soila,Winburn,Socks and Crocs Reform League
Clement,Santucci,"Socks and Crocs Reform League, Pronounced Jiff Union"
Linnea,Irvine,Pronounced Jiff Union
Ziggy,Henson,Socks and Crocs Reform League
Sam,Pacheco,Socks and Crocs Reform League
Jamie-Lee,Sher,Pronounced Jiff Union
Sanaa,Rayner,Pineapple Pizza Party
Maya,Narciso,Socks and Crocs Reform League
Lola,Whitfield,Pronounced Jiff Union
Antoinette,Santos,Pronounced Jiff Union
Dorthea,Walters,Pronounced Jiff Union
Warren,Alford,Pronounced Jiff Union
Maynard,Dalton,Pineapple Pizza Party
Alexandria,Shrock,Pineapple Pizza Party
Sahib,Brin,Pineapple Pizza Party
Roza,Boros,Pineapple Pizza Party
Hollie,Foreman,Socks and Crocs Reform League
Emily-Rose,Foreman,Pronounced Jiff Union
Denzel,Bates,Socks and Crocs Reform League
Caitlyn,Gates,Pronounced Jiff Union
Mahira,Kelley,Pronounced Jiff Union
Shana,Parks,Socks and Crocs Reform League
May,Greenwood,Socks and Crocs Reform League
Debora,Nolette,Pineapple Pizza Party
Dylon,Schmidt,Socks and Crocs Reform League
Denver,Osborne,Pineapple Pizza Party
Elliot,Hayward,Socks and Crocs Reform League
Menaal,Tran,Pineapple Pizza Party
Hadiya,Booker,Pronounced Jiff Union
Eliza,Roth,Socks and Crocs Reform League
Coral,Travis,Pineapple Pizza Party
Evangelina,Pineda,Pineapple Pizza Party
Evelynn,Konopka,Socks and Crocs Reform League
Sommer,Wilks,Pineapple Pizza Party
Willard,Vu,"Pronounced Jiff Union, Socks and Crocs Reform League, Pineapple Pizza Party"
Justa,Alvarado,Pronounced Jiff Union
Cassidy,Murphy,Socks and Crocs Reform League
Nyla,Estrada,Pineapple Pizza Party
Ziggy,Fernandez,Pineapple Pizza Party
Debora,Nolette,"Pronounced Jiff Union, Pineapple Pizza Party"
Olene,Kent,Socks and Crocs Reform League
Brandon-Lee,Wrigley,Pronounced Jiff Union
Kiefer,Erickson,Socks and Crocs Reform League
Danae,Hebert,Socks and Crocs Reform League
Coral,Mcguffin,Pineapple Pizza Party
Lucien,Blackmore,Pineapple Pizza Party
Libbie,Rangel,Pronounced Jiff Union
Miyah,Calhoun,Pronounced Jiff Union
Marinda,Mcknight,Pronounced Jiff Union
Mysha,Broughton,Pronounced Jiff Union
Warren,Hollis,Pronounced Jiff Union
Sean,Cottrell,Pronounced Jiff Union
Maris,Jaramillo,Pronounced Jiff Union
Gabriele,Ramthun,Pineapple Pizza Party
Patti,Baldwin,Socks and Crocs Reform League
Muneeb,Frausto,Socks and Crocs Reform League
Nikita,Irwin,Pronounced Jiff Union
Toby,Kimmer,Pronounced Jiff Union
Viola,Shrock,Pineapple Pizza Party
Madina,Yarnall,Socks and Crocs Reform League
Jamie-Lee,Sher,"Socks and Crocs Reform League, Pineapple Pizza Party"
Viola,Child,Pronounced Jiff Union
Julienne,Madden,Socks and Crocs Reform League
Jasmine,Hurley,Pineapple Pizza Party
Doris,Penn,Socks and Crocs Reform League
Page,Farnham,Socks and Crocs Reform League
Annaliese,Pope,Pronounced Jiff Union
Niall,Boyce,Socks and Crocs Reform League
Patti,Wolk,"Pronounced Jiff Union, Pineapple Pizza Party"
Earleen,Cosenza,Pronounced Jiff Union
Neville,Jacobson,Socks and Crocs Reform League
Denver,Schneider,"Socks and Crocs Reform League, Pronounced Jiff Union"
Evelyne,Gulotta,"Socks and Crocs Reform League, Pineapple Pizza Party"
Marta,Forster,Pronounced Jiff Union
Delmer,Nowlin,Socks and Crocs Reform League
Malik,Cline,Pineapple Pizza Party
Taylor,Bauch,Pronounced Jiff Union
Joeann,Clayton,Socks and Crocs Reform League
Musa,Collier,Socks and Crocs Reform League
Dakota,Brin,Pronounced Jiff Union
Otto,Rodriquez,Pronounced Jiff Union
Kiara,Nilges,Pronounced Jiff Union
Kerys,Finney,Pronounced Jiff Union
Eryn,Zuehlke,Socks and Crocs Reform League
Dennise,Garrett,"Pineapple Pizza Party, Pronounced Jiff Union"
Letitia,Blundell,Pronounced Jiff Union
Becki,Mccaa,Pineapple Pizza Party
Riley-James,Dopp,Pronounced Jiff Union
Krystian,Policastro,Pronounced Jiff Union
Shanice,Szczepanski,Pronounced Jiff Union
Jayde,Galloway,"Pineapple Pizza Party, Pronounced Jiff Union, Socks and Crocs Reform League"
Astrid,Frost,Socks and Crocs Reform League
Garland,Lin,Pineapple Pizza Party
Brogan,Doan,Socks and Crocs Reform League
Mahira,Rangel,Pronounced Jiff Union
Kason,Palmer,Socks and Crocs Reform League
Atlas,Miller,Socks and Crocs Reform League
Isabel,Puckett,Socks and Crocs Reform League
Boyd,Mercado,Socks and Crocs Reform League
Georga,Robinson,Pineapple Pizza Party
Kiefer,Parrish,Pineapple Pizza Party
Erin,Herbert,Pineapple Pizza Party
Andrei,Cline,Socks and Crocs Reform League
Miah,Edge,Pineapple Pizza Party
Hashir,Wu,Pronounced Jiff Union
Carlee,Cottrell,Pineapple Pizza Party
Doris,Alexander,Socks and Crocs Reform League
Peggy,Estes,Pineapple Pizza Party
Thiago,Creasy,Socks and Crocs Reform League
Marisol,Sadler,Socks and Crocs Reform League
Anh,Rayner,Socks and Crocs Reform League
Reggie,Collis,Socks and Crocs Reform League
Georga,Rish,Pronounced Jiff Union
Librada,Johnstone,Pineapple Pizza Party
Glenn,Navarro,"Pronounced Jiff Union, Socks and Crocs Reform League"
Victoria,Cullen,Socks and Crocs Reform League
Kiara,Navarro,Socks and Crocs Reform League
Shakeel,Browning,Pronounced Jiff Union
Taylor,Kulinski,Socks and Crocs Reform League
Libbie,Warner,Pronounced Jiff Union
Jill,Walkup,Socks and Crocs Reform League
Becki,Ramthun,Pronounced Jiff Union
Cosmo,King,Socks and Crocs Reform League
Cameron,Wynn,Socks and Crocs Reform League
Braydon,Lowery,Pineapple Pizza Party
Owen,Pham,"Pronounced Jiff Union, Socks and Crocs Reform League"
Arnold,Venters,Pineapple Pizza Party
Aurora,Cruzan,Pineapple Pizza Party
Amin,Rodriguez,Pineapple Pizza Party
Jazmine,Aldred,Pronounced Jiff Union
Eddy,Walkup,Pineapple Pizza Party
Aidan,Paxson,Pronounced Jiff Union
Bradlee,Larry,Socks and Crocs Reform League
Christena,Legge,Pronounced Jiff Union
Janetta,Conn,Socks and Crocs Reform League
Menaal,Cadwell,Pineapple Pizza Party
Humera,Brin,Pineapple Pizza Party
Susie,David,Pronounced Jiff Union
Doris,Giardina,Socks and Crocs Reform League
Carrie,Pitman,Pronounced Jiff Union
Esa,Weatherall,Pineapple Pizza Party
Alexandria,Matzen,Pronounced Jiff Union
Janetta,Geter,Pronounced Jiff Union
Hania,Petersen,Pineapple Pizza Party
Shania,Riley,Pronounced Jiff Union
Domonic,Tejada,Pineapple Pizza Party
Harleen,Cassidy,Pronounced Jiff Union
Debora,Hopper,Socks and Crocs Reform League
Wanda,Walker,Socks and Crocs Reform League
Margaretta,Purtell,Socks and Crocs Reform League
Eryn,Hobbs,Socks and Crocs Reform League
Akilah,Lai,Pronounced Jiff Union
Clement,Culligan,Pineapple Pizza Party
Lilly-Rose,Solley,Pineapple Pizza Party
Tamela,Bolivar,Pineapple Pizza Party
Sean,Hartman,Pronounced Jiff Union
Laureen,Mongold,Pronounced Jiff Union
Lovie,Wilks,Pineapple Pizza Party
Peggy,Horner,Pineapple Pizza Party
Trina,Sher,Pronounced Jiff Union
Anya,Spence,Pronounced Jiff Union
Sierra,Tsan,Socks and Crocs Reform League
Dung,Dewees,Pineapple Pizza Party
Dotty,Singh,Pineapple Pizza Party
Junko,Ramsay,Socks and Crocs Reform League
Eli,Traub,Pronounced Jiff Union
Ella,Cosenza,Socks and Crocs Reform League
Brandon-Lee,Wrigley,"Socks and Crocs Reform League, Pineapple Pizza Party, Pineapple Pizza Party"
Jethro,Say,Socks and Crocs Reform League
Yusef,Jacobs,Pronounced Jiff Union
Adina,Lester,Pronounced Jiff Union
Nell,Truong,Socks and Crocs Reform League
Anna,Prince,Pronounced Jiff Union
Aman,Kays,Socks and Crocs Reform League
Terrilyn,Mager,Socks and Crocs Reform League
Sherry,Rish,Pineapple Pizza Party
Odis,Ramsier,Socks and Crocs Reform League
Ceola,Dupras,Socks and Crocs Reform League
Suzanna,Hendrix,Pineapple Pizza Party
Kaci,Richerson,Pineapple Pizza Party
Elton,Ishibashi,Pineapple Pizza Party
Ione,Madkins,Pineapple Pizza Party
Ailish,Job,Socks and Crocs Reform League
Dilan,Bosworth,Pronounced Jiff Union
Garth,English,Pineapple Pizza Party
Borys,Fulop,Pineapple Pizza Party
Garth,Copeland,Socks and Crocs Reform League
Taya,Owens,Socks and Crocs Reform League
Aled,Foreman,Pineapple Pizza Party
Sherry,Massingale,"Pineapple Pizza Party, Pineapple Pizza Party, Socks and Crocs Reform League"
Lida,North,Pronounced Jiff Union
Jill,Reasor,Socks and Crocs Reform League
Hashir,Geter,Pronounced Jiff Union
Keenan,Massingale,Pronounced Jiff Union
Hetty,Charles,Socks and Crocs Reform League
Dakota,Clark,"Pineapple Pizza Party, Pronounced Jiff Union, Socks and Crocs Reform League"
Fredrick,Nowlin,"Pineapple Pizza Party, Socks and Crocs Reform League"
Kain,Kua,Pineapple Pizza Party
Franciszek,Ritter,Socks and Crocs Reform League
Elton,Henson,Pronounced Jiff Union
Aurora,Cruzan,Pronounced Jiff Union
Cleo,Wainwright,Pineapple Pizza Party
Renda,Miranda,Pronounced Jiff Union
Helena,Cline,Socks and Crocs Reform League
Slyvia,Konopka,Pronounced Jiff Union
Kelvin,Blankenship,Socks and Crocs Reform League
Conal,Welch,Pronounced Jiff Union
Palma,Norton,Socks and Crocs Reform League
Rolando,Howton,Pineapple Pizza Party
Aurora,Corchado,Pronounced Jiff Union
Niall,Gutierrez,Socks and Crocs Reform League
Bradlee,Blaese,Pineapple Pizza Party
Sanjeev,Barnard,Pineapple Pizza Party
Melissia,Currie,Pineapple Pizza Party
Marshall,Shannon,Pronounced Jiff Union
Angie,Loomis,Socks and Crocs Reform League
Cade,Milbourne,Pronounced Jiff Union
Julienne,Finney,Pineapple Pizza Party
Elvie,Burkle,Pineapple Pizza Party
Cedar,Spence,Pineapple Pizza Party
Jonas,Emerson,Pineapple Pizza Party
Sharon,Boone,"Socks and Crocs Reform League, Pineapple Pizza Party"
Karolina,Compton,Pronounced Jiff Union
Dominika,Dunne,Pronounced Jiff Union
Lilli,Fisher,Socks and Crocs Reform League
Maureen,Fischer,Pronounced Jiff Union
Lexi-Mae,Irwin,Pineapple Pizza Party
Jonah,Pearce,Pineapple Pizza Party
Jethro,Mueller,Pronounced Jiff Union
Elin,Brin,Socks and Crocs Reform League
Rana,Delarosa,Pronounced Jiff Union
Lucien,Ines,Socks and Crocs Reform League
Clinton,Wolk,"Pronounced Jiff Union, Pineapple Pizza Party, Pineapple Pizza Party"
Marion,Gilmore,Socks and Crocs Reform League
Terrilyn,Jaramillo,Pineapple Pizza Party
Gabriele,Santerre,"Socks and Crocs Reform League, Pronounced Jiff Union"
Gustavo,Kavanagh,Pronounced Jiff Union
Lucrecia,Foreman,Socks and Crocs Reform League
Courtney,Mckain,Pronounced Jiff Union
Kacey,Santana,Pronounced Jiff Union
Avery,Wilks,Pronounced Jiff Union
Annaliese,Bender,Pronounced Jiff Union
Josie,Ewing,Pronounced Jiff Union
Hetty,Grant,Pronounced Jiff Union
Donya,Foy,Pronounced Jiff Union
Rochelle,William,Socks and Crocs Reform League
Iris,Lang,Pineapple Pizza Party
Rosanna,Dupras,Pineapple Pizza Party
Clay,Donaldson,Socks and Crocs Reform League
Rosio,Benson,Pineapple Pizza Party
Emily-Rose,Sutherland,Pronounced Jiff Union
King,Farrington,Pronounced Jiff Union
Colm,Barnett,Pronounced Jiff Union
Olevia,Barrera,Pineapple Pizza Party
Doris,Finney,Pronounced Jiff Union
Kiara,Boyce,Pronounced Jiff Union
Dustin,Huggett,Socks and Crocs Reform League
Francis,Espana,Pronounced Jiff Union
Mackenzie,Jury,Pineapple Pizza Party
Celyn,Humphreys,Pronounced Jiff Union
Avery,Sexton,Pineapple Pizza Party
Betsy,Frasure,Socks and Crocs Reform League
Neville,Chen,Pronounced Jiff Union
Poppy-Mae,Lucero,Pronounced Jiff Union
Rolando,Hafford,Pronounced Jiff Union
Connie,Clayton,Pineapple Pizza Party
Rodrigo,Stolp,Socks and Crocs Reform League
Avery,Barnard,Socks and Crocs Reform League
Jasmine,Kendig,"Socks and Crocs Reform League, Socks and Crocs Reform League, Pineapple Pizza Party"
Sierra,Purtell,Pronounced Jiff Union
Dewayne,Bauer,Pineapple Pizza Party
Edmund,Lester,Socks and Crocs Reform League
Garland,Say,Pineapple Pizza Party
Bertha,Seabolt,Socks and Crocs Reform League
Laurena,Hester,Socks and Crocs Reform League
Doris,Irwin,Pineapple Pizza Party
Betsy,Pineda,Pronounced Jiff Union
Marianne,Padilla,Pronounced Jiff Union
Malik,Gamez,Socks and Crocs Reform League
Jacquelyn,Mueller,Pronounced Jiff Union
Abdulahi,Villanueva,Pineapple Pizza Party
Amie,Knox,Socks and Crocs Reform League
Michele,Sevin,"Pineapple Pizza Party, Pronounced Jiff Union, Pineapple Pizza Party"
Lovie,Quinto,Pineapple Pizza Party
Jodi,Hafford,Socks and Crocs Reform League
Uzair,Linville,Socks and Crocs Reform League
Marisol,Giardina,Pronounced Jiff Union
Jeannine,Sierra,Pineapple Pizza Party
Martyn,Dougherty,"Pineapple Pizza Party, Pronounced Jiff Union"
Louann,Bear,Socks and Crocs Reform League
Catniss,Parks,Socks and Crocs Reform League
Sarita,Tsan,Pronounced Jiff Union
Deeann,Marriott,Socks and Crocs Reform League
Chaya,Cadogan,Pineapple Pizza Party
Odin,Copeland,Pineapple Pizza Party
Antone,Santucci,Socks and Crocs Reform League
Karen,Stjean,Pineapple Pizza Party
Blossom,Jobe,Pronounced Jiff Union
Suzanna,Hendrix,Pronounced Jiff Union
Aled,Estes,Pronounced Jiff Union
Nelson,Osborne,Socks and Crocs Reform League
Annaliese,Corrie,Socks and Crocs Reform League
Iris,Truong,Pineapple Pizza Party
Anh,Coen,Pronounced Jiff Union
Elouise,Dougherty,Pronounced Jiff Union
Elli,Fowles,Pronounced Jiff Union
Patti,Likens,Pineapple Pizza Party
Francisco,Wyatt,Pronounced Jiff Union
Evelin,Allison,Pineapple Pizza Party
Dannielle,Arrigo,Pineapple Pizza Party
Carlee,Goggins,"Socks and Crocs Reform League, Pronounced Jiff Union"
Lucy,Baldwin,Pineapple Pizza Party
Merlin,Workman,Pineapple Pizza Party
Mea,Oberlander,Pronounced Jiff Union
Bryant,Walters,Pronounced Jiff Union
Louann,Larusso,Pineapple Pizza Party
Vasiliki,Carino,Socks and Crocs Reform League
Patria,Beckett,Pineapple Pizza Party
Leopold,Johnstone,Pronounced Jiff Union
Poppy-Mae,David,Socks and Crocs Reform League
Esperanza,Blansett,Pronounced Jiff Union
Tom,Topper,Socks and Crocs Reform League
Annaliese,Yarnall,Socks and Crocs Reform League
Tashina,Topper,Socks and Crocs Reform League
Alfie,Whitney,Pineapple Pizza Party
Thelma,Huber,Pineapple Pizza Party
Esperanza,Byrd,Socks and Crocs Reform League
Trina,Handley,Socks and Crocs Reform League
Hania,Garrett,Socks and Crocs Reform League
Lilly-Rose,Luna,Pineapple Pizza Party
Jack,Landsman,Pronounced Jiff Union
Tamela,Rivera,Socks and Crocs Reform League
Laureen,Badger,Socks and Crocs Reform League
Ava-Mai,Hamaker,Pronounced Jiff Union
Diogo,Lacey,Socks and Crocs Reform League
Alexandria,Facey,Pineapple Pizza Party
Zina,Burkle,Pronounced Jiff Union
Leanna,Sutherland,Pineapple Pizza Party
Deeann,Terrell,Socks and Crocs Reform League
Teegan,Galloway,Pineapple Pizza Party
Lasandra,Wilks,Socks and Crocs Reform League
Ceola,Macfarlane,Pronounced Jiff Union
Peggy,Fennell,Socks and Crocs Reform League
Astrid,Gantt,Pronounced Jiff Union
Mariah,Burell,Pineapple Pizza Party
Danuta,Browning,Pineapple Pizza Party
Tehya,Veiga,Pineapple Pizza Party
Dorthea,Gillespie,Pineapple Pizza Party
Garth,Hartman,Pineapple Pizza Party
Krystian,Parks,Socks and Crocs Reform League
Audra,Scott,Pronounced Jiff Union
Ziggy,Spiva,Pineapple Pizza Party
Saqlain,Morgan,Socks and Crocs Reform League
Leonila,Caban,Socks and Crocs Reform League
Lorri,Lloyd,Pronounced Jiff Union
Adina,Lester,Pineapple Pizza Party
